Workbook

Sheet Оригинал
A1: Модель аппарата | B1: Производитель | C1: Тип расходки | D1: Цвет | E1: Артикул | F1: Ресурс стр. | G1: Цена | H1: Примечание | I1: № в подборе
A2: Xerox WorkCentre 5330 | B2: Xerox | C2: Тонер-картридж | D2: Black | E2: 006R01160 | I2: =IF(AND($A2<>"",$A2=Подбор!$C$4),MAX(I$1:I1)+1,"")
A3: Xerox WorkCentre 5330 | B3: Xerox | C3: Драм-юнит | D3: — | E3: 013R00591 | I3: =IF(AND($A3<>"",$A3=Подбор!$C$4),MAX(I$1:I2)+1,"")
A4: Xerox WorkCentre 5330 | B4: Xerox | C4: Термоузел | D4: — | E4: 126K29403 | I4: =IF(AND($A4<>"",$A4=Подбор!$C$4),MAX(I$1:I3)+1,"")
A5: Xerox WorkCentre 7845 | B5: Xerox | C5: Тонер-картридж | D5: Black | E5: 006R01517 | F5: 26000 | I5: =IF(AND($A5<>"",$A5=Подбор!$C$4),MAX(I$1:I4)+1,"") -> 1
A6: Xerox WorkCentre 7845 | B6: Xerox | C6: Тонер-картридж | D6: Cyan | E6: 006R01520 | F6: 15000 | I6: =IF(AND($A6<>"",$A6=Подбор!$C$4),MAX(I$1:I5)+1,"") -> 2
A7: Xerox WorkCentre 7845 | B7: Xerox | C7: Тонер-картридж | D7: Magenta | E7: 006R01519 | F7: 15000 | I7: =IF(AND($A7<>"",$A7=Подбор!$C$4),MAX(I$1:I6)+1,"") -> 3
A8: Xerox WorkCentre 7845 | B8: Xerox | C8: Тонер-картридж | D8: Yellow | E8: 006R01518 | F8: 15000 | I8: =IF(AND($A8<>"",$A8=Подбор!$C$4),MAX(I$1:I7)+1,"") -> 4
A9: Xerox WorkCentre 7845 | B9: Xerox | C9: Драм-юнит | D9: — | E9: 013R00662 | F9: 125000 | I9: =IF(AND($A9<>"",$A9=Подбор!$C$4),MAX(I$1:I8)+1,"") -> 5
A10: Xerox WorkCentre 7845 | B10: Xerox | C10: Блок проявки | D10: — | E10: 848K65672 | I10: =IF(AND($A10<>"",$A10=Подбор!$C$4),MAX(I$1:I9)+1,"") -> 6
A11: Xerox WorkCentre 7845 | B11: Xerox | C11: Бункер отработки | D11: — | E11: 008R13061 | I11: =IF(AND($A11<>"",$A11=Подбор!$C$4),MAX(I$1:I10)+1,"") -> 7
A12: Xerox WorkCentre 7845 | B12: Xerox | C12: Термоузел | D12: — | E12: 604K62230 | I12: =IF(AND($A12<>"",$A12=Подбор!$C$4),MAX(I$1:I11)+1,"") -> 8
A13: Pantum BM5100ADN | B13: Pantum | C13: Тонер-картридж | D13: Black | E13: TL-5120X | F13: 6000 | I13: =IF(AND($A13<>"",$A13=Подбор!$C$4),MAX(I$1:I12)+1,"")
A14: Pantum BM5100ADN | B14: Pantum | C14: Драм-картридж | D14: — | E14: DL-5120 | F14: 30000 | I14: =IF(AND($A14<>"",$A14=Подбор!$C$4),MAX(I$1:I13)+1,"")
A15: Pantum BM5100ADN | B15: Pantum | C15: Бункер отработки | D15: — | E15: CWT-2000 | I15: =IF(AND($A15<>"",$A15=Подбор!$C$4),MAX(I$1:I14)+1,"")
A16: Pantum BM5100ADN | B16: Pantum | C16: Термоузел | D16: — | E16: 302111018801 | I16: =IF(AND($A16<>"",$A16=Подбор!$C$4),MAX(I$1:I15)+1,"")
A17: Konica Minolta bizhub C257i | B17: Konica Minolta | C17: Тонер-картридж | D17: Black | E17: TN-328K | F17: 28000 | I17: =IF(AND($A17<>"",$A17=Подбор!$C$4),MAX(I$1:I16)+1,"")
A18: Konica Minolta bizhub C257i | B18: Konica Minolta | C18: Тонер-картридж | D18: Cyan | E18: TN-328C | F18: 28000 | I18: =IF(AND($A18<>"",$A18=Подбор!$C$4),MAX(I$1:I17)+1,"")
A19: Konica Minolta bizhub C257i | B19: Konica Minolta | C19: Тонер-картридж | D19: Magenta | E19: TN-328M | F19: 28000 | I19: =IF(AND($A19<>"",$A19=Подбор!$C$4),MAX(I$1:I18)+1,"")
A20: Konica Minolta bizhub C257i | B20: Konica Minolta | C20: Тонер-картридж | D20: Yellow | E20: TN-328Y | F20: 28000 | I20: =IF(AND($A20<>"",$A20=Подбор!$C$4),MAX(I$1:I19)+1,"")
A21: Konica Minolta bizhub C257i | B21: Konica Minolta | C21: Драм-юнит | D21: — | E21: DR-316K (AAV70RD) | I21: =IF(AND($A21<>"",$A21=Подбор!$C$4),MAX(I$1:I20)+1,"")
A22: Lexmark MX510de | B22: Lexmark | C22: Тонер-картридж | D22: Black | E22: 60F5H0E | F22: 10000 | I22: =IF(AND($A22<>"",$A22=Подбор!$C$4),MAX(I$1:I21)+1,"")
A23: Lexmark MX510de | B23: Lexmark | C23: Драм-юнит | D23: — | E23: 50F0Z00 | F23: 60000 | I23: =IF(AND($A23<>"",$A23=Подбор!$C$4),MAX(I$1:I22)+1,"")
A24: Sharp BP-30M28 | B24: Sharp | C24: Тонер-картридж | D24: Black | E24: BPGT300 | F24: 18000 | I24: =IF(AND($A24<>"",$A24=Подбор!$C$4),MAX(I$1:I23)+1,"")
A25: Sharp BP-30M28 | B25: Sharp | C25: Драм-юнит | D25: — | E25: MX36GRSA | I25: =IF(AND($A25<>"",$A25=Подбор!$C$4),MAX(I$1:I24)+1,"")
A26: Sharp BP-30M28 | B26: Sharp | C26: Бункер отработки | D26: — | E26: MX230HB | I26: =IF(AND($A26<>"",$A26=Подбор!$C$4),MAX(I$1:I25)+1,"")
A27: Sharp BP-30M28 | B27: Sharp | C27: Термоузел | D27: — | E27: BPFU201 | I27: =IF(AND($A27<>"",$A27=Подбор!$C$4),MAX(I$1:I26)+1,"")
A28: HP LaserJet Pro MFP M428fdn | B28: HP | C28: Тонер-картридж | D28: Black | E28: CF258A (58A) | F28: 3000 | I28: =IF(AND($A28<>"",$A28=Подбор!$C$4),MAX(I$1:I27)+1,"")
A29: HP LaserJet Pro MFP M428fdn | B29: HP | C29: Драм-юнит | D29: — | E29: CF219A | F29: 23000 | I29: =IF(AND($A29<>"",$A29=Подбор!$C$4),MAX(I$1:I28)+1,"")
A30: HP LaserJet Pro MFP M428fdn | B30: HP | C30: Термоузел | D30: — | E30: RM2-5425 | I30: =IF(AND($A30<>"",$A30=Подбор!$C$4),MAX(I$1:I29)+1,"")
A31: Toshiba e-STUDIO2505 | B31: Toshiba | C31: Тонер-картридж | D31: Black | E31: T-2505E | F31: 15000 | I31: =IF(AND($A31<>"",$A31=Подбор!$C$4),MAX(I$1:I30)+1,"")
A32: Toshiba e-STUDIO2505 | B32: Toshiba | C32: Драм-юнит | D32: — | E32: OD-2505 | I32: =IF(AND($A32<>"",$A32=Подбор!$C$4),MAX(I$1:I31)+1,"")
A33: Toshiba e-STUDIO2505 | B33: Toshiba | C33: Девелопер | D33: — | E33: 6LJ83445000 | I33: =IF(AND($A33<>"",$A33=Подбор!$C$4),MAX(I$1:I32)+1,"")
A34: Kyocera TASKalfa 6500i | B34: Kyocera | C34: Тонер-картридж | D34: Black | E34: TK-6705 | F34: 55000 | I34: =IF(AND($A34<>"",$A34=Подбор!$C$4),MAX(I$1:I33)+1,"")
A35: Kyocera TASKalfa 6500i | B35: Kyocera | C35: Драм-юнит | D35: — | E35: DK-6705 | I35: =IF(AND($A35<>"",$A35=Подбор!$C$4),MAX(I$1:I34)+1,"")
A36: Kyocera TASKalfa 6500i | B36: Kyocera | C36: Блок проявки | D36: — | E36: DV-6705 | I36: =IF(AND($A36<>"",$A36=Подбор!$C$4),MAX(I$1:I35)+1,"")
A37: Kyocera TASKalfa 6500i | B37: Kyocera | C37: Бункер отработки | D37: — | E37: WT-861 | I37: =IF(AND($A37<>"",$A37=Подбор!$C$4),MAX(I$1:I36)+1,"")
A38: Kyocera TASKalfa 6500i | B38: Kyocera | C38: Термоузел | D38: — | E38: FK-6707 | I38: =IF(AND($A38<>"",$A38=Подбор!$C$4),MAX(I$1:I37)+1,"")
A39: Xerox Phaser 5550DN | B39: Xerox | C39: Тонер-картридж | D39: Black | E39: 113R00668 | F39: 35000 | I39: =IF(AND($A39<>"",$A39=Подбор!$C$4),MAX(I$1:I38)+1,"")
A40: Xerox Phaser 5550DN | B40: Xerox | C40: Драм-юнит | D40: — | E40: 113R00670 | I40: =IF(AND($A40<>"",$A40=Подбор!$C$4),MAX(I$1:I39)+1,"")
A41: HP Color LaserJet Pro M252n | B41: HP | C41: Тонер-картридж | D41: Black | E41: CF400A | F41: 1500 | I41: =IF(AND($A41<>"",$A41=Подбор!$C$4),MAX(I$1:I40)+1,"")
A42: HP Color LaserJet Pro M252n | B42: HP | C42: Тонер-картридж | D42: Cyan | E42: CF401A | F42: 1400 | I42: =IF(AND($A42<>"",$A42=Подбор!$C$4),MAX(I$1:I41)+1,"")
A43: HP Color LaserJet Pro M252n | B43: HP | C43: Тонер-картридж | D43: Magenta | E43: CF403A | F43: 1400 | I43: =IF(AND($A43<>"",$A43=Подбор!$C$4),MAX(I$1:I42)+1,"")
A44: HP Color LaserJet Pro M252n | B44: HP | C44: Тонер-картридж | D44: Yellow | E44: CF402A | F44: 1400 | I44: =IF(AND($A44<>"",$A44=Подбор!$C$4),MAX(I$1:I43)+1,"")
A45: HP Color LaserJet Pro M252n | B45: HP | C45: Термоузел | D45: — | E45: RM1-8781 | I45: =IF(AND($A45<>"",$A45=Подбор!$C$4),MAX(I$1:I44)+1,"")
A46: Canon i-Sensys LBP-2900 | B46: Canon | C46: Тонер-картридж | D46: Black | E46: 703 (7616A005) | F46: 2000 | I46: =IF(AND($A46<>"",$A46=Подбор!$C$4),MAX(I$1:I45)+1,"")
A47: HP LaserJet M4345 | B47: HP | C47: Тонер-картридж | D47: Black | E47: Q5945A | F47: 18000 | I47: =IF(AND($A47<>"",$A47=Подбор!$C$4),MAX(I$1:I46)+1,"")
A48: HP LaserJet M1005 | B48: HP | C48: Тонер-картридж | D48: Black | E48: Q2612A | F48: 2000 | I48: =IF(AND($A48<>"",$A48=Подбор!$C$4),MAX(I$1:I47)+1,"")
A49: HP Color LaserJet CP1215 | B49: HP | C49: Тонер-картридж | D49: Black | E49: CB540A | F49: 2200 | I49: =IF(AND($A49<>"",$A49=Подбор!$C$4),MAX(I$1:I48)+1,"")
A50: HP Color LaserJet CP1215 | B50: HP | C50: Тонер-картридж | D50: Cyan | E50: CB541A | F50: 1400 | I50: =IF(AND($A50<>"",$A50=Подбор!$C$4),MAX(I$1:I49)+1,"")
A51: HP Color LaserJet CP1215 | B51: HP | C51: Тонер-картридж | D51: Magenta | E51: CB543A | F51: 1400 | I51: =IF(AND($A51<>"",$A51=Подбор!$C$4),MAX(I$1:I50)+1,"")
A52: HP Color LaserJet CP1215 | B52: HP | C52: Тонер-картридж | D52: Yellow | E52: CB542A | F52: 1400 | I52: =IF(AND($A52<>"",$A52=Подбор!$C$4),MAX(I$1:I51)+1,"")
A53: HP Color LaserJet CP1215 | B53: HP | C53: Термоузел | D53: — | E53: RM1-4431 | I53: =IF(AND($A53<>"",$A53=Подбор!$C$4),MAX(I$1:I52)+1,"")
A54: HP LaserJet Pro P1102 | B54: HP | C54: Тонер-картридж | D54: Black | E54: CE285A | F54: 1600 | I54: =IF(AND($A54<>"",$A54=Подбор!$C$4),MAX(I$1:I53)+1,"")
A55: HP LaserJet Pro P1102 | B55: HP | C55: Термоузел | D55: — | E55: RM1-6405 | I55: =IF(AND($A55<>"",$A55=Подбор!$C$4),MAX(I$1:I54)+1,"")
A56: Xerox AltaLink C8045 | B56: Xerox | C56: Тонер-картридж | D56: Black | E56: 006R01701 | F56: 26000 | I56: =IF(AND($A56<>"",$A56=Подбор!$C$4),MAX(I$1:I55)+1,"")
A57: Xerox AltaLink C8045 | B57: Xerox | C57: Тонер-картридж | D57: Cyan | E57: 006R01702 | F57: 15000 | I57: =IF(AND($A57<>"",$A57=Подбор!$C$4),MAX(I$1:I56)+1,"")
A58: Xerox AltaLink C8045 | B58: Xerox | C58: Тонер-картридж | D58: Magenta | E58: 006R01703 | F58: 15000 | I58: =IF(AND($A58<>"",$A58=Подбор!$C$4),MAX(I$1:I57)+1,"")
A59: Xerox AltaLink C8045 | B59: Xerox | C59: Тонер-картридж | D59: Yellow | E59: 006R01704 | F59: 15000 | I59: =IF(AND($A59<>"",$A59=Подбор!$C$4),MAX(I$1:I58)+1,"")
A60: Xerox AltaLink C8045 | B60: Xerox | C60: Драм-юнит | D60: — | E60: 013R00681 | I60: =IF(AND($A60<>"",$A60=Подбор!$C$4),MAX(I$1:I59)+1,"")
A61: Xerox AltaLink C8045 | B61: Xerox | C61: Блок проявки | D61: — | E61: 948K13034 | I61: =IF(AND($A61<>"",$A61=Подбор!$C$4),MAX(I$1:I60)+1,"")
A62: Xerox AltaLink C8045 | B62: Xerox | C62: Бункер отработки | D62: — | E62: 008R13061 | I62: =IF(AND($A62<>"",$A62=Подбор!$C$4),MAX(I$1:I61)+1,"")
A63: Xerox AltaLink C8045 | B63: Xerox | C63: Термоузел | D63: — | E63: 607K08993 | I63: =IF(AND($A63<>"",$A63=Подбор!$C$4),MAX(I$1:I62)+1,"")
A64: HP LaserJet P4515n | B64: HP | C64: Тонер-картридж | D64: Black | E64: CC364X | F64: 24000 | I64: =IF(AND($A64<>"",$A64=Подбор!$C$4),MAX(I$1:I63)+1,"")
A65: Samsung Xpress SL-M2830DW | B65: Samsung | C65: Тонер-картридж | D65: Black | E65: MLT-D115L | F65: 3000 | I65: =IF(AND($A65<>"",$A65=Подбор!$C$4),MAX(I$1:I64)+1,"")
A66: Samsung Xpress SL-M2830DW | B66: Samsung | C66: Термоузел | D66: — | E66: JC91-01034B | I66: =IF(AND($A66<>"",$A66=Подбор!$C$4),MAX(I$1:I65)+1,"")
A67: HP LaserJet Pro M426fdn | B67: HP | C67: Тонер-картридж | D67: Black | E67: CF226A | F67: 3100 | I67: =IF(AND($A67<>"",$A67=Подбор!$C$4),MAX(I$1:I66)+1,"")
A68: HP LaserJet Pro M426fdn | B68: HP | C68: Драм-юнит | D68: — | E68: CF219A | F68: 23000 | I68: =IF(AND($A68<>"",$A68=Подбор!$C$4),MAX(I$1:I67)+1,"")
A69: HP LaserJet Pro M426fdn | B69: HP | C69: Термоузел | D69: — | E69: RM2-5425 | I69: =IF(AND($A69<>"",$A69=Подбор!$C$4),MAX(I$1:I68)+1,"")
A70: HP LaserJet Enterprise M630dn | B70: HP | C70: Тонер-картридж | D70: Black | E70: CF281A | F70: 10500 | I70: =IF(AND($A70<>"",$A70=Подбор!$C$4),MAX(I$1:I69)+1,"")
A71: Xerox WorkCentre 5020B | B71: Xerox | C71: Тонер-картридж | D71: Black | E71: 106R01277 | F71: 22000 | I71: =IF(AND($A71<>"",$A71=Подбор!$C$4),MAX(I$1:I70)+1,"")
A72: HP LaserJet M2727nf | B72: HP | C72: Тонер-картридж | D72: Black | E72: Q7553A | F72: 3000 | I72: =IF(AND($A72<>"",$A72=Подбор!$C$4),MAX(I$1:I71)+1,"")
A73: Samsung ML-3051ND | B73: Samsung | C73: Тонер-картридж | D73: Black | E73: ML-D3050A | F73: 8000 | I73: =IF(AND($A73<>"",$A73=Подбор!$C$4),MAX(I$1:I72)+1,"")
A74: HP LaserJet 8150 | B74: HP | C74: Тонер-картридж | D74: Black | E74: C4182X | F74: 20000 | I74: =IF(AND($A74<>"",$A74=Подбор!$C$4),MAX(I$1:I73)+1,"")
A75: HP LaserJet 1022 | B75: HP | C75: Тонер-картридж | D75: Black | E75: Q2612A | F75: 2000 | I75: =IF(AND($A75<>"",$A75=Подбор!$C$4),MAX(I$1:I74)+1,"")
A76: HP LaserJet P3005d | B76: HP | C76: Тонер-картридж | D76: Black | E76: Q7551A | F76: 6500 | I76: =IF(AND($A76<>"",$A76=Подбор!$C$4),MAX(I$1:I75)+1,"")
A77: HP Color LaserJet 5500 | B77: HP | C77: Тонер-картридж | D77: Black | E77: C9730A | F77: 13000 | I77: =IF(AND($A77<>"",$A77=Подбор!$C$4),MAX(I$1:I76)+1,"")
A78: HP Color LaserJet 5500 | B78: HP | C78: Тонер-картридж | D78: Cyan | E78: C9731A | F78: 12000 | I78: =IF(AND($A78<>"",$A78=Подбор!$C$4),MAX(I$1:I77)+1,"")
A79: HP Color LaserJet 5500 | B79: HP | C79: Тонер-картридж | D79: Magenta | E79: C9733A | F79: 12000 | I79: =IF(AND($A79<>"",$A79=Подбор!$C$4),MAX(I$1:I78)+1,"")
A80: HP Color LaserJet 5500 | B80: HP | C80: Тонер-картридж | D80: Yellow | E80: C9732A | F80: 12000 | I80: =IF(AND($A80<>"",$A80=Подбор!$C$4),MAX(I$1:I79)+1,"")
A81: HP LaserJet M4345x | B81: HP | C81: Тонер-картридж | D81: Black | E81: Q5945A | F81: 18000 | I81: =IF(AND($A81<>"",$A81=Подбор!$C$4),MAX(I$1:I80)+1,"")
... A90: Xerox WorkCentre 5225A | B90: Xerox | C90: Тонер-картридж | D90: Black | E90: 106R01305 | F90: 30000 | I90: =IF(AND($A90<>"",$A90=Подбор!$C$4),MAX(I$1:I89)+1,"")
A91: Xerox WorkCentre 5225A | B91: Xerox | C91: Драм-юнит | D91: — | E91: 101R00434 | I91: =IF(AND($A91<>"",$A91=Подбор!$C$4),MAX(I$1:I90)+1,"")
A92: Kyocera KM-1635 | B92: Kyocera | C92: Тонер-картридж | D92: Black | E92: TK-410 | F92: 15000 | I92: =IF(AND($A92<>"",$A92=Подбор!$C$4),MAX(I$1:I91)+1,"")
A93: Kyocera KM-1635 | B93: Kyocera | C93: Блок проявки | D93: — | E93: DV-410 | I93: =IF(AND($A93<>"",$A93=Подбор!$C$4),MAX(I$1:I92)+1,"")
A94: Xerox WorkCentre 3220 | B94: Xerox | C94: Тонер-картридж | D94: Black | E94: 106R01487 | F94: 4100 | I94: =IF(AND($A94<>"",$A94=Подбор!$C$4),MAX(I$1:I93)+1,"")
A95: HP LaserJet M5035xs | B95: HP | C95: Тонер-картридж | D95: Black | E95: Q7570A | F95: 15000 | I95: =IF(AND($A95<>"",$A95=Подбор!$C$4),MAX(I$1:I94)+1,"")
A96: Panasonic KX-MB2061 | B96: Panasonic | C96: Тонер-картридж | D96: Black | E96: KX-FAT411A | F96: 2000 | I96: =IF(AND($A96<>"",$A96=Подбор!$C$4),MAX(I$1:I95)+1,"")
A97: Panasonic KX-MB2061 | B97: Panasonic | C97: Драм-юнит | D97: — | E97: KX-FAD412A | I97: =IF(AND($A97<>"",$A97=Подбор!$C$4),MAX(I$1:I96)+1,"")
A98: Canon i-Sensys LBP7200C | B98: Canon | C98: Тонер-картридж | D98: Black | E98: 2662B002 | F98: 3400 | I98: =IF(AND($A98<>"",$A98=Подбор!$C$4),MAX(I$1:I97)+1,"")
A99: Canon i-Sensys LBP7200C | B99: Canon | C99: Тонер-картридж | D99: Cyan | E99: 2661B002 | F99: 2900 | I99: =IF(AND($A99<>"",$A99=Подбор!$C$4),MAX(I$1:I98)+1,"")
A100: Canon i-Sensys LBP7200C | B100: Canon | C100: Тонер-картридж | D100: Magenta | E100: 2660B002 | F100: 2900 | I100: =IF(AND($A100<>"",$A100=Подбор!$C$4),MAX(I$1:I99)+1,"")
A101: Canon i-Sensys LBP7200C | B101: Canon | C101: Тонер-картридж | D101: Yellow | E101: 2659B002 | F101: 2900 | I101: =IF(AND($A101<>"",$A101=Подбор!$C$4),MAX(I$1:I100)+1,"")
A102: Kyocera TASKalfa 3510i | B102: Kyocera | C102: Тонер-картридж | D102: Black | E102: TK-7105 | F102: 25000 | I102: =IF(AND($A102<>"",$A102=Подбор!$C$4),MAX(I$1:I101)+1,"")
A103: Kyocera TASKalfa 3510i | B103: Kyocera | C103: Драм-юнит | D103: — | E103: DK-7105 | I103: =IF(AND($A103<>"",$A103=Подбор!$C$4),MAX(I$1:I102)+1,"")
A104: Kyocera TASKalfa 3510i | B104: Kyocera | C104: Блок проявки | D104: — | E104: DV-7105 | I104: =IF(AND($A104<>"",$A104=Подбор!$C$4),MAX(I$1:I103)+1,"")
A105: Kyocera TASKalfa 3510i | B105: Kyocera | C105: Термоузел | D105: — | E105: FK-7105 | I105: =IF(AND($A105<>"",$A105=Подбор!$C$4),MAX(I$1:I104)+1,"")
A106: Xerox WorkCentre 5020DN | B106: Xerox | C106: Тонер-картридж | D106: Black | E106: 106R01277 | F106: 22000 | I106: =IF(AND($A106<>"",$A106=Подбор!$C$4),MAX(I$1:I105)+1,"")
A107: Kyocera M2835dw | B107: Kyocera | C107: Тонер-картридж | D107: Black | E107: TK-1200 | F107: 3000 | I107: =IF(AND($A107<>"",$A107=Подбор!$C$4),MAX(I$1:I106)+1,"")
A108: HP LaserJet 1320 | B108: HP | C108: Тонер-картридж | D108: Black | E108: Q5949A | F108: 2500 | I108: =IF(AND($A108<>"",$A108=Подбор!$C$4),MAX(I$1:I107)+1,"")
...

Sheet Совместимая
A1: Модель аппарата | B1: Производитель | C1: Тип расходки | D1: Цвет | E1: Артикул | F1: Бренд | G1: Ресурс стр. | H1: Цена | I1: Примечание | J1: № в подборе
A2: Xerox WorkCentre 5330 | B2: Xerox | C2: Тонер-картридж | D2: Black | E2: CS-WC5325 | F2: Cactus | J2: =IF(AND($A2<>"",$A2=Подбор!$C$4),MAX(J$1:J1)+1,"")
A3: Xerox WorkCentre 5330 | B3: Xerox | C3: Драм-юнит | D3: — | E3: CS-WC5325X | F3: Cactus | J3: =IF(AND($A3<>"",$A3=Подбор!$C$4),MAX(J$1:J2)+1,"")
A4: Xerox WorkCentre 5330 | B4: Xerox | C4: Термоузел | D4: — | E4: CS-FU-XER-WC5330 | F4: Cactus | J4: =IF(AND($A4<>"",$A4=Подбор!$C$4),MAX(J$1:J3)+1,"")
A5: Xerox WorkCentre 7845 | B5: Xerox | C5: Тонер-картридж | D5: Black | E5: CS-WC7525BK | F5: Cactus | J5: =IF(AND($A5<>"",$A5=Подбор!$C$4),MAX(J$1:J4)+1,"") -> 1
A6: Xerox WorkCentre 7845 | B6: Xerox | C6: Тонер-картридж | D6: Cyan | E6: CS-WC7525C | F6: Cactus | J6: =IF(AND($A6<>"",$A6=Подбор!$C$4),MAX(J$1:J5)+1,"") -> 2
A7: Xerox WorkCentre 7845 | B7: Xerox | C7: Тонер-картридж | D7: Magenta | E7: CS-WC7525M | F7: Cactus | J7: =IF(AND($A7<>"",$A7=Подбор!$C$4),MAX(J$1:J6)+1,"") -> 3
A8: Xerox WorkCentre 7845 | B8: Xerox | C8: Тонер-картридж | D8: Yellow | E8: CS-WC7525Y | F8: Cactus | J8: =IF(AND($A8<>"",$A8=Подбор!$C$4),MAX(J$1:J7)+1,"") -> 4
A9: Xerox WorkCentre 7845 | B9: Xerox | C9: Драм-юнит | D9: — | E9: CS-DU7525 | F9: Cactus | J9: =IF(AND($A9<>"",$A9=Подбор!$C$4),MAX(J$1:J8)+1,"") -> 5
A10: Xerox WorkCentre 7845 | B10: Xerox | C10: Блок проявки | D10: — | E10: CS-DU7525RU | F10: Cactus | J10: =IF(AND($A10<>"",$A10=Подбор!$C$4),MAX(J$1:J9)+1,"") -> 6
A11: Xerox WorkCentre 7845 | B11: Xerox | C11: Бункер отработки | D11: — | E11: CS-WB7425 | F11: Cactus | J11: =IF(AND($A11<>"",$A11=Подбор!$C$4),MAX(J$1:J10)+1,"") -> 7
A12: Xerox WorkCentre 7845 | B12: Xerox | C12: Термоузел | D12: — | E12: CS-FU-XER-WC7545 | F12: Cactus | J12: =IF(AND($A12<>"",$A12=Подбор!$C$4),MAX(J$1:J11)+1,"") -> 8
A13: Pantum BM5100ADN | B13: Pantum | C13: Тонер-картридж | D13: Black | E13: CS-TL-5120X | F13: Cactus | G13: 6000 | I13: Ресурс по оригиналу — уточнить | J13: =IF(AND($A13<>"",$A13=Подбор!$C$4),MAX(J$1:J12)+1,"")
A14: Pantum BM5100ADN | B14: Pantum | C14: Тонер-картридж | D14: Black | E14: GG-TL5120X | F14: G&G | G14: 6000 | I14: Ресурс по оригиналу — уточнить | J14: =IF(AND($A14<>"",$A14=Подбор!$C$4),MAX(J$1:J13)+1,"")
A15: Pantum BM5100ADN | B15: Pantum | C15: Драм-картридж | D15: — | E15: CS-DL-5120 | F15: Cactus | G15: 30000 | I15: Ресурс по оригиналу — уточнить | J15: =IF(AND($A15<>"",$A15=Подбор!$C$4),MAX(J$1:J14)+1,"")
A16: Pantum BM5100ADN | B16: Pantum | C16: Драм-картридж | D16: — | E16: GG-DL5120 | F16: G&G | G16: 30000 | I16: Ресурс по оригиналу — уточнить | J16: =IF(AND($A16<>"",$A16=Подбор!$C$4),MAX(J$1:J15)+1,"")
A17: Pantum BM5100ADN | B17: Pantum | C17: Драм-картридж | D17: — | E17: HB-DL-5120 | F17: HiBlack | G17: 30000 | I17: Ресурс по оригиналу — уточнить | J17: =IF(AND($A17<>"",$A17=Подбор!$C$4),MAX(J$1:J16)+1,"")
A18: Pantum BM5100ADN | B18: Pantum | C18: Драм-картридж | D18: — | E18: NV-DL-5120 | F18: NV-Print | G18: 30000 | I18: Ресурс по оригиналу — уточнить | J18: =IF(AND($A18<>"",$A18=Подбор!$C$4),MAX(J$1:J17)+1,"")
A19: Pantum BM5100ADN | B19: Pantum | C19: Термоузел | D19: — | E19: — | J19: =IF(AND($A19<>"",$A19=Подбор!$C$4),MAX(J$1:J18)+1,"")
A20: Konica Minolta bizhub C257i | B20: Konica Minolta | C20: Тонер-картридж | D20: Black | E20: CS-TN512K | F20: Cactus | G20: 30000 | I20: Ресурс по оригиналу — уточнить | J20: =IF(AND($A20<>"",$A20=Подбор!$C$4),MAX(J$1:J19)+1,"")
A21: Konica Minolta bizhub C257i | B21: Konica Minolta | C21: Тонер-картридж | D21: Cyan | E21: CS-TN512C | F21: Cactus | J21: =IF(AND($A21<>"",$A21=Подбор!$C$4),MAX(J$1:J20)+1,"")
A22: Konica Minolta bizhub C257i | B22: Konica Minolta | C22: Тонер-картридж | D22: Magenta | E22: CS-TN512M | F22: Cactus | J22: =IF(AND($A22<>"",$A22=Подбор!$C$4),MAX(J$1:J21)+1,"")
A23: Konica Minolta bizhub C257i | B23: Konica Minolta | C23: Тонер-картридж | D23: Yellow | E23: CS-TN512Y | F23: Cactus | J23: =IF(AND($A23<>"",$A23=Подбор!$C$4),MAX(J$1:J22)+1,"")
A24: Konica Minolta bizhub C257i | B24: Konica Minolta | C24: Драм-юнит | D24: — | E24: AAV70RD | J24: =IF(AND($A24<>"",$A24=Подбор!$C$4),MAX(J$1:J23)+1,"")
A25: Lexmark MX510de | B25: Lexmark | C25: Тонер-картридж | D25: Black | E25: GG-56F5U00 | F25: G&G | J25: =IF(AND($A25<>"",$A25=Подбор!$C$4),MAX(J$1:J24)+1,"")
A26: Lexmark MX510de | B26: Lexmark | C26: Тонер-картридж | D26: Black | E26: NV-56F5U0ENC | F26: NV-Print | J26: =IF(AND($A26<>"",$A26=Подбор!$C$4),MAX(J$1:J25)+1,"")
A27: Lexmark MX510de | B27: Lexmark | C27: Драм-юнит | D27: — | E27: SFR-56F0Z00 | F27: SuperFine | G27: 60000 | I27: Ресурс по оригиналу — уточнить | J27: =IF(AND($A27<>"",$A27=Подбор!$C$4),MAX(J$1:J26)+1,"")
A28: Sharp BP-30M28 | B28: Sharp | C28: Тонер-картридж | D28: Black | E28: — | J28: =IF(AND($A28<>"",$A28=Подбор!$C$4),MAX(J$1:J27)+1,"")
A29: Sharp BP-30M28 | B29: Sharp | C29: Драм-юнит | D29: — | E29: — | J29: =IF(AND($A29<>"",$A29=Подбор!$C$4),MAX(J$1:J28)+1,"")
A30: Sharp BP-30M28 | B30: Sharp | C30: Бункер отработки | D30: — | E30: — | J30: =IF(AND($A30<>"",$A30=Подбор!$C$4),MAX(J$1:J29)+1,"")
A31: Sharp BP-30M28 | B31: Sharp | C31: Термоузел | D31: — | E31: — | J31: =IF(AND($A31<>"",$A31=Подбор!$C$4),MAX(J$1:J30)+1,"")
A32: HP LaserJet Pro MFP M428fdn | B32: HP | C32: Тонер-картридж | D32: Black | E32: CSP-CF259X | F32: Cactus | J32: =IF(AND($A32<>"",$A32=Подбор!$C$4),MAX(J$1:J31)+1,"")
A33: HP LaserJet Pro MFP M428fdn | B33: HP | C33: Тонер-картридж | D33: Black | E33: HB-CF259X | F33: HiBlack | J33: =IF(AND($A33<>"",$A33=Подбор!$C$4),MAX(J$1:J32)+1,"")
A34: HP LaserJet Pro MFP M428fdn | B34: HP | C34: Тонер-картридж | D34: Black | E34: GG-CF259X | F34: G&G | J34: =IF(AND($A34<>"",$A34=Подбор!$C$4),MAX(J$1:J33)+1,"")
A35: HP LaserJet Pro MFP M428fdn | B35: HP | C35: Драм-юнит | D35: — | E35: CS-CF219A | F35: Cactus | G35: 23000 | I35: Ресурс по оригиналу — уточнить | J35: =IF(AND($A35<>"",$A35=Подбор!$C$4),MAX(J$1:J34)+1,"")
A36: HP LaserJet Pro MFP M428fdn | B36: HP | C36: Драм-юнит | D36: — | E36: HB-CF219A | F36: HiBlack | G36: 23000 | I36: Ресурс по оригиналу — уточнить | J36: =IF(AND($A36<>"",$A36=Подбор!$C$4),MAX(J$1:J35)+1,"")
A37: HP LaserJet Pro MFP M428fdn | B37: HP | C37: Термоузел | D37: — | E37: CS-FU-HP-M428 | F37: Cactus | J37: =IF(AND($A37<>"",$A37=Подбор!$C$4),MAX(J$1:J36)+1,"")
A38: Toshiba e-STUDIO2505 | B38: Toshiba | C38: Тонер-картридж | D38: Black | E38: — | J38: =IF(AND($A38<>"",$A38=Подбор!$C$4),MAX(J$1:J37)+1,"")
A39: Toshiba e-STUDIO2505 | B39: Toshiba | C39: Драм-юнит | D39: — | E39: — | J39: =IF(AND($A39<>"",$A39=Подбор!$C$4),MAX(J$1:J38)+1,"")
A40: Toshiba e-STUDIO2505 | B40: Toshiba | C40: Девелопер | D40: — | E40: — | J40: =IF(AND($A40<>"",$A40=Подбор!$C$4),MAX(J$1:J39)+1,"")
A41: Kyocera TASKalfa 6500i | B41: Kyocera | C41: Тонер-картридж | D41: Black | E41: CS-TK6705 | F41: Cactus | G41: 55000 | I41: Ресурс по оригиналу — уточнить | J41: =IF(AND($A41<>"",$A41=Подбор!$C$4),MAX(J$1:J40)+1,"")
A42: Kyocera TASKalfa 6500i | B42: Kyocera | C42: Драм-юнит | D42: — | I42: Аналог Cactus не подобран — заполнить | J42: =IF(AND($A42<>"",$A42=Подбор!$C$4),MAX(J$1:J41)+1,"")
A43: Kyocera TASKalfa 6500i | B43: Kyocera | C43: Блок проявки | D43: — | I43: Аналог Cactus не подобран — заполнить | J43: =IF(AND($A43<>"",$A43=Подбор!$C$4),MAX(J$1:J42)+1,"")
A44: Kyocera TASKalfa 6500i | B44: Kyocera | C44: Бункер отработки | D44: — | I44: Аналог Cactus не подобран — заполнить | J44: =IF(AND($A44<>"",$A44=Подбор!$C$4),MAX(J$1:J43)+1,"")
A45: Kyocera TASKalfa 6500i | B45: Kyocera | C45: Термоузел | D45: — | I45: Аналог Cactus не подобран — заполнить | J45: =IF(AND($A45<>"",$A45=Подбор!$C$4),MAX(J$1:J44)+1,"")
A46: Xerox Phaser 5550DN | B46: Xerox | C46: Тонер-картридж | D46: Black | E46: HB-113R00668 | F46: HiBlack | G46: 35000 | I46: Ресурс по оригиналу — уточнить | J46: =IF(AND($A46<>"",$A46=Подбор!$C$4),MAX(J$1:J45)+1,"")
A47: Xerox Phaser 5550DN | B47: Xerox | C47: Драм-юнит | D47: — | I47: Аналог Cactus не подобран — заполнить | J47: =IF(AND($A47<>"",$A47=Подбор!$C$4),MAX(J$1:J46)+1,"")
A48: HP Color LaserJet Pro M252n | B48: HP | C48: Тонер-картридж | D48: Black | E48: CS-CF400A | F48: Cactus | G48: 1500 | I48: Ресурс по оригиналу — уточнить | J48: =IF(AND($A48<>"",$A48=Подбор!$C$4),MAX(J$1:J47)+1,"")
A49: HP Color LaserJet Pro M252n | B49: HP | C49: Тонер-картридж | D49: Black | E49: HB-CF400X | F49: HiBlack | J49: =IF(AND($A49<>"",$A49=Подбор!$C$4),MAX(J$1:J48)+1,"")
A50: HP Color LaserJet Pro M252n | B50: HP | C50: Тонер-картридж | D50: Cyan | E50: CS-CF401A | F50: Cactus | G50: 1400 | I50: Ресурс по оригиналу — уточнить | J50: =IF(AND($A50<>"",$A50=Подбор!$C$4),MAX(J$1:J49)+1,"")
A51: HP Color LaserJet Pro M252n | B51: HP | C51: Тонер-картридж | D51: Magenta | E51: CS-CF403A | F51: Cactus | G51: 1400 | I51: Ресурс по оригиналу — уточнить | J51: =IF(AND($A51<>"",$A51=Подбор!$C$4),MAX(J$1:J50)+1,"")
A52: HP Color LaserJet Pro M252n | B52: HP | C52: Тонер-картридж | D52: Yellow | E52: CS-CF402A | F52: Cactus | G52: 1400 | I52: Ресурс по оригиналу — уточнить | J52: =IF(AND($A52<>"",$A52=Подбор!$C$4),MAX(J$1:J51)+1,"")
A53: HP Color LaserJet Pro M252n | B53: HP | C53: Термоузел | D53: — | E53: CS-FU-HP-M252 | F53: Cactus | J53: =IF(AND($A53<>"",$A53=Подбор!$C$4),MAX(J$1:J52)+1,"")
A54: Canon i-Sensys LBP-2900 | B54: Canon | C54: Тонер-картридж | D54: Black | E54: CS-C703 | F54: Cactus | J54: =IF(AND($A54<>"",$A54=Подбор!$C$4),MAX(J$1:J53)+1,"")
A55: Canon i-Sensys LBP-2900 | B55: Canon | C55: Тонер-картридж | D55: Black | E55: MT-C703 | F55: MyToner | J55: =IF(AND($A55<>"",$A55=Подбор!$C$4),MAX(J$1:J54)+1,"")
A56: HP LaserJet M4345 | B56: HP | C56: Тонер-картридж | D56: Black | E56: HB-Q5945A | F56: HiBlack | G56: 18000 | I56: Ресурс по оригиналу — уточнить | J56: =IF(AND($A56<>"",$A56=Подбор!$C$4),MAX(J$1:J55)+1,"")
A57: HP LaserJet M1005 | B57: HP | C57: Тонер-картридж | D57: Black | E57: CS-Q2612A | F57: Cactus | G57: 2000 | I57: Ресурс по оригиналу — уточнить | J57: =IF(AND($A57<>"",$A57=Подбор!$C$4),MAX(J$1:J56)+1,"")
A58: HP LaserJet M1005 | B58: HP | C58: Тонер-картридж | D58: Black | E58: HB-Q2612A | F58: HiBlack | G58: 2000 | I58: Ресурс по оригиналу — уточнить | J58: =IF(AND($A58<>"",$A58=Подбор!$C$4),MAX(J$1:J57)+1,"")
A59: HP LaserJet M1005 | B59: HP | C59: Тонер-картридж | D59: Black | E59: NV-Q2612A | F59: NV-Print | G59: 2000 | I59: Ресурс по оригиналу — уточнить | J59: =IF(AND($A59<>"",$A59=Подбор!$C$4),MAX(J$1:J58)+1,"")
A60: HP LaserJet M1005 | B60: HP | C60: Тонер-картридж | D60: Black | E60: GG-Q2612A | F60: G&G | G60: 2000 | I60: Ресурс по оригиналу — уточнить | J60: =IF(AND($A60<>"",$A60=Подбор!$C$4),MAX(J$1:J59)+1,"")
A61: HP Color LaserJet CP1215 | B61: HP | C61: Тонер-картридж | D61: Black | E61: CS-CB540A | F61: Cactus | G61: 2200 | I61: Ресурс по оригиналу — уточнить | J61: =IF(AND($A61<>"",$A61=Подбор!$C$4),MAX(J$1:J60)+1,"")
A62: HP Color LaserJet CP1215 | B62: HP | C62: Тонер-картридж | D62: Black | E62: HB-CB540A | F62: HiBlack | G62: 2200 | I62: Ресурс по оригиналу — уточнить | J62: =IF(AND($A62<>"",$A62=Подбор!$C$4),MAX(J$1:J61)+1,"")
A63: HP Color LaserJet CP1215 | B63: HP | C63: Тонер-картридж | D63: Cyan | E63: CS-CB541A | F63: Cactus | G63: 1400 | I63: Ресурс по оригиналу — уточнить | J63: =IF(AND($A63<>"",$A63=Подбор!$C$4),MAX(J$1:J62)+1,"")
A64: HP Color LaserJet CP1215 | B64: HP | C64: Тонер-картридж | D64: Magenta | E64: CS-CB543A | F64: Cactus | G64: 1400 | I64: Ресурс по оригиналу — уточнить | J64: =IF(AND($A64<>"",$A64=Подбор!$C$4),MAX(J$1:J63)+1,"")
A65: HP Color LaserJet CP1215 | B65: HP | C65: Тонер-картридж | D65: Yellow | E65: CS-CB542A | F65: Cactus | G65: 1400 | I65: Ресурс по оригиналу — уточнить | J65: =IF(AND($A65<>"",$A65=Подбор!$C$4),MAX(J$1:J64)+1,"")
A66: HP Color LaserJet CP1215 | B66: HP | C66: Термоузел | D66: — | E66: CS-FU-HP-CP1215 | F66: Cactus | J66: =IF(AND($A66<>"",$A66=Подбор!$C$4),MAX(J$1:J65)+1,"")
A67: HP LaserJet Pro P1102 | B67: HP | C67: Тонер-картридж | D67: Black | E67: CS-CE285A | F67: Cactus | G67: 1600 | I67: Ресурс по оригиналу — уточнить | J67: =IF(AND($A67<>"",$A67=Подбор!$C$4),MAX(J$1:J66)+1,"")
A68: HP LaserJet Pro P1102 | B68: HP | C68: Тонер-картридж | D68: Black | E68: HB-CE285A | F68: HiBlack | G68: 1600 | I68: Ресурс по оригиналу — уточнить | J68: =IF(AND($A68<>"",$A68=Подбор!$C$4),MAX(J$1:J67)+1,"")
A69: HP LaserJet Pro P1102 | B69: HP | C69: Тонер-картридж | D69: Black | E69: NV-CE285A | F69: NV-Print | G69: 1600 | I69: Ресурс по оригиналу — уточнить | J69: =IF(AND($A69<>"",$A69=Подбор!$C$4),MAX(J$1:J68)+1,"")
A70: HP LaserJet Pro P1102 | B70: HP | C70: Тонер-картридж | D70: Black | E70: GG-CE285A | F70: G&G | G70: 1600 | I70: Ресурс по оригиналу — уточнить | J70: =IF(AND($A70<>"",$A70=Подбор!$C$4),MAX(J$1:J69)+1,"")
A71: HP LaserJet Pro P1102 | B71: HP | C71: Термоузел | D71: — | E71: CS-FU-HP-P1102 | F71: Cactus | J71: =IF(AND($A71<>"",$A71=Подбор!$C$4),MAX(J$1:J70)+1,"")
A72: Xerox AltaLink C8045 | B72: Xerox | C72: Тонер-картридж | D72: Black | E72: CS-ALC8030BK | F72: Cactus | J72: =IF(AND($A72<>"",$A72=Подбор!$C$4),MAX(J$1:J71)+1,"")
A73: Xerox AltaLink C8045 | B73: Xerox | C73: Тонер-картридж | D73: Cyan | E73: CS-ALC8030C | F73: Cactus | J73: =IF(AND($A73<>"",$A73=Подбор!$C$4),MAX(J$1:J72)+1,"")
A74: Xerox AltaLink C8045 | B74: Xerox | C74: Тонер-картридж | D74: Magenta | E74: CS-ALC8030M | F74: Cactus | J74: =IF(AND($A74<>"",$A74=Подбор!$C$4),MAX(J$1:J73)+1,"")
A75: Xerox AltaLink C8045 | B75: Xerox | C75: Тонер-картридж | D75: Yellow | E75: CS-ALC8030Y | F75: Cactus | J75: =IF(AND($A75<>"",$A75=Подбор!$C$4),MAX(J$1:J74)+1,"")
A76: Xerox AltaLink C8045 | B76: Xerox | C76: Драм-юнит | D76: — | E76: CET471082 | F76: CET | J76: =IF(AND($A76<>"",$A76=Подбор!$C$4),MAX(J$1:J75)+1,"")
A77: Xerox AltaLink C8045 | B77: Xerox | C77: Блок проявки | D77: — | I77: Аналог Cactus не подобран — заполнить | J77: =IF(AND($A77<>"",$A77=Подбор!$C$4),MAX(J$1:J76)+1,"")
A78: Xerox AltaLink C8045 | B78: Xerox | C78: Бункер отработки | D78: — | E78: CS-WBB8145 | F78: Cactus | J78: =IF(AND($A78<>"",$A78=Подбор!$C$4),MAX(J$1:J77)+1,"")
A79: Xerox AltaLink C8045 | B79: Xerox | C79: Термоузел | D79: — | E79: EMRXAL8030010 | F79: Булат | J79: =IF(AND($A79<>"",$A79=Подбор!$C$4),MAX(J$1:J78)+1,"")
A80: HP LaserJet P4515n | B80: HP | C80: Тонер-картридж | D80: Black | E80: CS-CC364X | F80: Cactus | G80: 24000 | I80: Ресурс по оригиналу — уточнить | J80: =IF(AND($A80<>"",$A80=Подбор!$C$4),MAX(J$1:J79)+1,"")
A81: HP LaserJet P4515n | B81: HP | C81: Тонер-картридж | D81: Black | E81: HB-CC364X | F81: HiBlack | G81: 24000 | I81: Ресурс по оригиналу — уточнить | J81: =IF(AND($A81<>"",$A81=Подбор!$C$4),MAX(J$1:J80)+1,"")
A82: HP LaserJet P4515n | B82: HP | C82: Тонер-картридж | D82: Black | E82: GG-CC364A | F82: G&G | G82: 10000 | I82: Ресурс по оригиналу — уточнить | J82: =IF(AND($A82<>"",$A82=Подбор!$C$4),MAX(J$1:J81)+1,"")
A83: Samsung Xpress SL-M2830DW | B83: Samsung | C83: Тонер-картридж | D83: Black | E83: CS-D115L | F83: Cactus | J83: =IF(AND($A83<>"",$A83=Подбор!$C$4),MAX(J$1:J82)+1,"")
A84: Samsung Xpress SL-M2830DW | B84: Samsung | C84: Тонер-картридж | D84: Black | E84: HB-MLT-D115L | F84: HiBlack | G84: 3000 | I84: Ресурс по оригиналу — уточнить | J84: =IF(AND($A84<>"",$A84=Подбор!$C$4),MAX(J$1:J83)+1,"")
A85: Samsung Xpress SL-M2830DW | B85: Samsung | C85: Тонер-картридж | D85: Black | E85: GG-D115L | F85: G&G | J85: =IF(AND($A85<>"",$A85=Подбор!$C$4),MAX(J$1:J84)+1,"")
A86: Samsung Xpress SL-M2830DW | B86: Samsung | C86: Термоузел | D86: — | E86: CET421034 | F86: CET | J86: =IF(AND($A86<>"",$A86=Подбор!$C$4),MAX(J$1:J85)+1,"")
A87: HP LaserJet Pro M426fdn | B87: HP | C87: Тонер-картридж | D87: Black | E87: CS-CF226A | F87: Cactus | G87: 3100 | I87: Ресурс по оригиналу — уточнить | J87: =IF(AND($A87<>"",$A87=Подбор!$C$4),MAX(J$1:J86)+1,"")
A88: HP LaserJet Pro M426fdn | B88: HP | C88: Тонер-картридж | D88: Black | E88: CS-CF226X | F88: Cactus | J88: =IF(AND($A88<>"",$A88=Подбор!$C$4),MAX(J$1:J87)+1,"")
A89: HP LaserJet Pro M426fdn | B89: HP | C89: Тонер-картридж | D89: Black | E89: HB-CF226X | F89: HiBlack | J89: =IF(AND($A89<>"",$A89=Подбор!$C$4),MAX(J$1:J88)+1,"")
A90: HP LaserJet Pro M426fdn | B90: HP | C90: Тонер-картридж | D90: Black | E90: GG-CF226X | F90: G&G | J90: =IF(AND($A90<>"",$A90=Подбор!$C$4),MAX(J$1:J89)+1,"")
A91: HP LaserJet Pro M426fdn | B91: HP | C91: Драм-юнит | D91: — | E91: CS-CF219A | F91: Cactus | G91: 23000 | I91: Ресурс по оригиналу — уточнить | J91: =IF(AND($A91<>"",$A91=Подбор!$C$4),MAX(J$1:J90)+1,"")
A92: HP LaserJet Pro M426fdn | B92: HP | C92: Термоузел | D92: — | E92: CS-FU-HP-M426 | F92: Cactus | J92: =IF(AND($A92<>"",$A92=Подбор!$C$4),MAX(J$1:J91)+1,"")
A93: HP LaserJet Enterprise M630dn | B93: HP | C93: Тонер-картридж | D93: Black | E93: CS-CF281X | F93: Cactus | G93: 25000 | I93: Ресурс по оригиналу — уточнить | J93: =IF(AND($A93<>"",$A93=Подбор!$C$4),MAX(J$1:J92)+1,"")
A94: HP LaserJet Enterprise M630dn | B94: HP | C94: Тонер-картридж | D94: Black | E94: HB-CF281X | F94: HiBlack | G94: 25000 | I94: Ресурс по оригиналу — уточнить | J94: =IF(AND($A94<>"",$A94=Подбор!$C$4),MAX(J$1:J93)+1,"")
A95: HP LaserJet Enterprise M630dn | B95: HP | C95: Тонер-картридж | D95: Black | E95: GG-CF281A | F95: G&G | G95: 10500 | I95: Ресурс по оригиналу — уточнить | J95: =IF(AND($A95<>"",$A95=Подбор!$C$4),MAX(J$1:J94)+1,"")
A96: Xerox WorkCentre 5020B | B96: Xerox | C96: Тонер-картридж | D96: Black | E96: CS-WC5016 | F96: Cactus | J96: =IF(AND($A96<>"",$A96=Подбор!$C$4),MAX(J$1:J95)+1,"")
A97: HP LaserJet M2727nf | B97: HP | C97: Тонер-картридж | D97: Black | E97: CS-Q7553A | F97: Cactus | G97: 3000 | I97: Ресурс по оригиналу — уточнить | J97: =IF(AND($A97<>"",$A97=Подбор!$C$4),MAX(J$1:J96)+1,"")
A98: HP LaserJet M2727nf | B98: HP | C98: Тонер-картридж | D98: Black | E98: HB-Q7553A | F98: HiBlack | G98: 3000 | I98: Ресурс по оригиналу — уточнить | J98: =IF(AND($A98<>"",$A98=Подбор!$C$4),MAX(J$1:J97)+1,"")
A99: HP LaserJet M2727nf | B99: HP | C99: Тонер-картридж | D99: Black | E99: NV-Q7553A | F99: NV-Print | G99: 3000 | I99: Ресурс по оригиналу — уточнить | J99: =IF(AND($A99<>"",$A99=Подбор!$C$4),MAX(J$1:J98)+1,"")
A100: Samsung ML-3051ND | B100: Samsung | C100: Тонер-картридж | D100: Black | E100: CS-D3050 | F100: Cactus | J100: =IF(AND($A100<>"",$A100=Подбор!$C$4),MAX(J$1:J99)+1,"")
...

Sheet Подбор
A1: Подбор расходных материалов по аппарату
A2: Жёлтые ячейки — для выбора из выпадающих списков. Остальное подтягивается автоматически из листов «Оригинал» и «Совместимая».
B3: Производитель | C3: Xerox
B4: Модель аппарата | C4: Xerox WorkCentre 7845
B5: =IF($C$4="","← выберите производителя и модель",IF(COUNTIF(Модели!$B:$B,$C$4)=0,"Модель не найдена в списке",IF(INDEX(Модели!$A:$A,MATCH($C$4,Модели!$B:$B,0))<>$C$3,"Модель не относится к выбранному производителю","Найдено: оригинал — "&COUNT($J$9:$J$20)&" поз., совместимые — "&COUNT($J$25:$J$36)&" поз."))) -> Найдено: оригинал — 8 поз., совместимые — 8 поз.
A7: ОРИГИНАЛЬНАЯ РАСХОДКА
A8: № | B8: Тип расходки | C8: Цвет | D8: Артикул | E8: Бренд | F8: Ресурс стр. | G8: Цена | H8: Примечание | J8: Строка в базе
A9: =IF($J9="","",ROWS($A$9:A9)) -> 1 | B9: =IF($J9="","",IF(INDEX(Оригинал!$C:$C,$J9)="","",INDEX(Оригинал!$C:$C,$J9))) -> Тонер-картридж | C9: =IF($J9="","",IF(INDEX(Оригинал!$D:$D,$J9)="","",INDEX(Оригинал!$D:$D,$J9))) -> Black | D9: =IF($J9="","",IF(INDEX(Оригинал!$E:$E,$J9)="","⚠ добавить артикул",INDEX(Оригинал!$E:$E,$J9))) -> 006R01517 | E9: =IF($J9="","",IF(INDEX(Оригинал!$B:$B,$J9)="","",INDEX(Оригинал!$B:$B,$J9))) -> Xerox | F9: =IF($J9="","",IF(INDEX(Оригинал!$F:$F,$J9)="","",INDEX(Оригинал!$F:$F,$J9))) -> 26000 | G9: =IF($J9="","",IF(INDEX(Оригинал!$G:$G,$J9)="","",INDEX(Оригинал!$G:$G,$J9))) | H9: =IF($J9="","",IF(INDEX(Оригинал!$H:$H,$J9)="","",INDEX(Оригинал!$H:$H,$J9))) | J9: =IFERROR(MATCH(ROWS($J$9:J9),Оригинал!$I:$I,0),"") -> 5
A10: =IF($J10="","",ROWS($A$9:A10)) -> 2 | B10: =IF($J10="","",IF(INDEX(Оригинал!$C:$C,$J10)="","",INDEX(Оригинал!$C:$C,$J10))) -> Тонер-картридж | C10: =IF($J10="","",IF(INDEX(Оригинал!$D:$D,$J10)="","",INDEX(Оригинал!$D:$D,$J10))) -> Cyan | D10: =IF($J10="","",IF(INDEX(Оригинал!$E:$E,$J10)="","⚠ добавить артикул",INDEX(Оригинал!$E:$E,$J10))) -> 006R01520 | E10: =IF($J10="","",IF(INDEX(Оригинал!$B:$B,$J10)="","",INDEX(Оригинал!$B:$B,$J10))) -> Xerox | F10: =IF($J10="","",IF(INDEX(Оригинал!$F:$F,$J10)="","",INDEX(Оригинал!$F:$F,$J10))) -> 15000 | G10: =IF($J10="","",IF(INDEX(Оригинал!$G:$G,$J10)="","",INDEX(Оригинал!$G:$G,$J10))) | H10: =IF($J10="","",IF(INDEX(Оригинал!$H:$H,$J10)="","",INDEX(Оригинал!$H:$H,$J10))) | J10: =IFERROR(MATCH(ROWS($J$9:J10),Оригинал!$I:$I,0),"") -> 6
A11: =IF($J11="","",ROWS($A$9:A11)) -> 3 | B11: =IF($J11="","",IF(INDEX(Оригинал!$C:$C,$J11)="","",INDEX(Оригинал!$C:$C,$J11))) -> Тонер-картридж | C11: =IF($J11="","",IF(INDEX(Оригинал!$D:$D,$J11)="","",INDEX(Оригинал!$D:$D,$J11))) -> Magenta | D11: =IF($J11="","",IF(INDEX(Оригинал!$E:$E,$J11)="","⚠ добавить артикул",INDEX(Оригинал!$E:$E,$J11))) -> 006R01519 | E11: =IF($J11="","",IF(INDEX(Оригинал!$B:$B,$J11)="","",INDEX(Оригинал!$B:$B,$J11))) -> Xerox | F11: =IF($J11="","",IF(INDEX(Оригинал!$F:$F,$J11)="","",INDEX(Оригинал!$F:$F,$J11))) -> 15000 | G11: =IF($J11="","",IF(INDEX(Оригинал!$G:$G,$J11)="","",INDEX(Оригинал!$G:$G,$J11))) | H11: =IF($J11="","",IF(INDEX(Оригинал!$H:$H,$J11)="","",INDEX(Оригинал!$H:$H,$J11))) | J11: =IFERROR(MATCH(ROWS($J$9:J11),Оригинал!$I:$I,0),"") -> 7
A12: =IF($J12="","",ROWS($A$9:A12)) -> 4 | B12: =IF($J12="","",IF(INDEX(Оригинал!$C:$C,$J12)="","",INDEX(Оригинал!$C:$C,$J12))) -> Тонер-картридж | C12: =IF($J12="","",IF(INDEX(Оригинал!$D:$D,$J12)="","",INDEX(Оригинал!$D:$D,$J12))) -> Yellow | D12: =IF($J12="","",IF(INDEX(Оригинал!$E:$E,$J12)="","⚠ добавить артикул",INDEX(Оригинал!$E:$E,$J12))) -> 006R01518 | E12: =IF($J12="","",IF(INDEX(Оригинал!$B:$B,$J12)="","",INDEX(Оригинал!$B:$B,$J12))) -> Xerox | F12: =IF($J12="","",IF(INDEX(Оригинал!$F:$F,$J12)="","",INDEX(Оригинал!$F:$F,$J12))) -> 15000 | G12: =IF($J12="","",IF(INDEX(Оригинал!$G:$G,$J12)="","",INDEX(Оригинал!$G:$G,$J12))) | H12: =IF($J12="","",IF(INDEX(Оригинал!$H:$H,$J12)="","",INDEX(Оригинал!$H:$H,$J12))) | J12: =IFERROR(MATCH(ROWS($J$9:J12),Оригинал!$I:$I,0),"") -> 8
A13: =IF($J13="","",ROWS($A$9:A13)) -> 5 | B13: =IF($J13="","",IF(INDEX(Оригинал!$C:$C,$J13)="","",INDEX(Оригинал!$C:$C,$J13))) -> Драм-юнит | C13: =IF($J13="","",IF(INDEX(Оригинал!$D:$D,$J13)="","",INDEX(Оригинал!$D:$D,$J13))) -> — | D13: =IF($J13="","",IF(INDEX(Оригинал!$E:$E,$J13)="","⚠ добавить артикул",INDEX(Оригинал!$E:$E,$J13))) -> 013R00662 | E13: =IF($J13="","",IF(INDEX(Оригинал!$B:$B,$J13)="","",INDEX(Оригинал!$B:$B,$J13))) -> Xerox | F13: =IF($J13="","",IF(INDEX(Оригинал!$F:$F,$J13)="","",INDEX(Оригинал!$F:$F,$J13))) -> 125000 | G13: =IF($J13="","",IF(INDEX(Оригинал!$G:$G,$J13)="","",INDEX(Оригинал!$G:$G,$J13))) | H13: =IF($J13="","",IF(INDEX(Оригинал!$H:$H,$J13)="","",INDEX(Оригинал!$H:$H,$J13))) | J13: =IFERROR(MATCH(ROWS($J$9:J13),Оригинал!$I:$I,0),"") -> 9
A14: =IF($J14="","",ROWS($A$9:A14)) -> 6 | B14: =IF($J14="","",IF(INDEX(Оригинал!$C:$C,$J14)="","",INDEX(Оригинал!$C:$C,$J14))) -> Блок проявки | C14: =IF($J14="","",IF(INDEX(Оригинал!$D:$D,$J14)="","",INDEX(Оригинал!$D:$D,$J14))) -> — | D14: =IF($J14="","",IF(INDEX(Оригинал!$E:$E,$J14)="","⚠ добавить артикул",INDEX(Оригинал!$E:$E,$J14))) -> 848K65672 | E14: =IF($J14="","",IF(INDEX(Оригинал!$B:$B,$J14)="","",INDEX(Оригинал!$B:$B,$J14))) -> Xerox | F14: =IF($J14="","",IF(INDEX(Оригинал!$F:$F,$J14)="","",INDEX(Оригинал!$F:$F,$J14))) | G14: =IF($J14="","",IF(INDEX(Оригинал!$G:$G,$J14)="","",INDEX(Оригинал!$G:$G,$J14))) | H14: =IF($J14="","",IF(INDEX(Оригинал!$H:$H,$J14)="","",INDEX(Оригинал!$H:$H,$J14))) | J14: =IFERROR(MATCH(ROWS($J$9:J14),Оригинал!$I:$I,0),"") -> 10
A15: =IF($J15="","",ROWS($A$9:A15)) -> 7 | B15: =IF($J15="","",IF(INDEX(Оригинал!$C:$C,$J15)="","",INDEX(Оригинал!$C:$C,$J15))) -> Бункер отработки | C15: =IF($J15="","",IF(INDEX(Оригинал!$D:$D,$J15)="","",INDEX(Оригинал!$D:$D,$J15))) -> — | D15: =IF($J15="","",IF(INDEX(Оригинал!$E:$E,$J15)="","⚠ добавить артикул",INDEX(Оригинал!$E:$E,$J15))) -> 008R13061 | E15: =IF($J15="","",IF(INDEX(Оригинал!$B:$B,$J15)="","",INDEX(Оригинал!$B:$B,$J15))) -> Xerox | F15: =IF($J15="","",IF(INDEX(Оригинал!$F:$F,$J15)="","",INDEX(Оригинал!$F:$F,$J15))) | G15: =IF($J15="","",IF(INDEX(Оригинал!$G:$G,$J15)="","",INDEX(Оригинал!$G:$G,$J15))) | H15: =IF($J15="","",IF(INDEX(Оригинал!$H:$H,$J15)="","",INDEX(Оригинал!$H:$H,$J15))) | J15: =IFERROR(MATCH(ROWS($J$9:J15),Оригинал!$I:$I,0),"") -> 11
A16: =IF($J16="","",ROWS($A$9:A16)) -> 8 | B16: =IF($J16="","",IF(INDEX(Оригинал!$C:$C,$J16)="","",INDEX(Оригинал!$C:$C,$J16))) -> Термоузел | C16: =IF($J16="","",IF(INDEX(Оригинал!$D:$D,$J16)="","",INDEX(Оригинал!$D:$D,$J16))) -> — | D16: =IF($J16="","",IF(INDEX(Оригинал!$E:$E,$J16)="","⚠ добавить артикул",INDEX(Оригинал!$E:$E,$J16))) -> 604K62230 | E16: =IF($J16="","",IF(INDEX(Оригинал!$B:$B,$J16)="","",INDEX(Оригинал!$B:$B,$J16))) -> Xerox | F16: =IF($J16="","",IF(INDEX(Оригинал!$F:$F,$J16)="","",INDEX(Оригинал!$F:$F,$J16))) | G16: =IF($J16="","",IF(INDEX(Оригинал!$G:$G,$J16)="","",INDEX(Оригинал!$G:$G,$J16))) | H16: =IF($J16="","",IF(INDEX(Оригинал!$H:$H,$J16)="","",INDEX(Оригинал!$H:$H,$J16))) | J16: =IFERROR(MATCH(ROWS($J$9:J16),Оригинал!$I:$I,0),"") -> 12
A17: =IF($J17="","",ROWS($A$9:A17)) | B17: =IF($J17="","",IF(INDEX(Оригинал!$C:$C,$J17)="","",INDEX(Оригинал!$C:$C,$J17))) | C17: =IF($J17="","",IF(INDEX(Оригинал!$D:$D,$J17)="","",INDEX(Оригинал!$D:$D,$J17))) | D17: =IF($J17="","",IF(INDEX(Оригинал!$E:$E,$J17)="","⚠ добавить артикул",INDEX(Оригинал!$E:$E,$J17))) | E17: =IF($J17="","",IF(INDEX(Оригинал!$B:$B,$J17)="","",INDEX(Оригинал!$B:$B,$J17))) | F17: =IF($J17="","",IF(INDEX(Оригинал!$F:$F,$J17)="","",INDEX(Оригинал!$F:$F,$J17))) | G17: =IF($J17="","",IF(INDEX(Оригинал!$G:$G,$J17)="","",INDEX(Оригинал!$G:$G,$J17))) | H17: =IF($J17="","",IF(INDEX(Оригинал!$H:$H,$J17)="","",INDEX(Оригинал!$H:$H,$J17))) | J17: =IFERROR(MATCH(ROWS($J$9:J17),Оригинал!$I:$I,0),"")
A18: =IF($J18="","",ROWS($A$9:A18)) | B18: =IF($J18="","",IF(INDEX(Оригинал!$C:$C,$J18)="","",INDEX(Оригинал!$C:$C,$J18))) | C18: =IF($J18="","",IF(INDEX(Оригинал!$D:$D,$J18)="","",INDEX(Оригинал!$D:$D,$J18))) | D18: =IF($J18="","",IF(INDEX(Оригинал!$E:$E,$J18)="","⚠ добавить артикул",INDEX(Оригинал!$E:$E,$J18))) | E18: =IF($J18="","",IF(INDEX(Оригинал!$B:$B,$J18)="","",INDEX(Оригинал!$B:$B,$J18))) | F18: =IF($J18="","",IF(INDEX(Оригинал!$F:$F,$J18)="","",INDEX(Оригинал!$F:$F,$J18))) | G18: =IF($J18="","",IF(INDEX(Оригинал!$G:$G,$J18)="","",INDEX(Оригинал!$G:$G,$J18))) | H18: =IF($J18="","",IF(INDEX(Оригинал!$H:$H,$J18)="","",INDEX(Оригинал!$H:$H,$J18))) | J18: =IFERROR(MATCH(ROWS($J$9:J18),Оригинал!$I:$I,0),"")
A19: =IF($J19="","",ROWS($A$9:A19)) | B19: =IF($J19="","",IF(INDEX(Оригинал!$C:$C,$J19)="","",INDEX(Оригинал!$C:$C,$J19))) | C19: =IF($J19="","",IF(INDEX(Оригинал!$D:$D,$J19)="","",INDEX(Оригинал!$D:$D,$J19))) | D19: =IF($J19="","",IF(INDEX(Оригинал!$E:$E,$J19)="","⚠ добавить артикул",INDEX(Оригинал!$E:$E,$J19))) | E19: =IF($J19="","",IF(INDEX(Оригинал!$B:$B,$J19)="","",INDEX(Оригинал!$B:$B,$J19))) | F19: =IF($J19="","",IF(INDEX(Оригинал!$F:$F,$J19)="","",INDEX(Оригинал!$F:$F,$J19))) | G19: =IF($J19="","",IF(INDEX(Оригинал!$G:$G,$J19)="","",INDEX(Оригинал!$G:$G,$J19))) | H19: =IF($J19="","",IF(INDEX(Оригинал!$H:$H,$J19)="","",INDEX(Оригинал!$H:$H,$J19))) | J19: =IFERROR(MATCH(ROWS($J$9:J19),Оригинал!$I:$I,0),"")
A20: =IF($J20="","",ROWS($A$9:A20)) | B20: =IF($J20="","",IF(INDEX(Оригинал!$C:$C,$J20)="","",INDEX(Оригинал!$C:$C,$J20))) | C20: =IF($J20="","",IF(INDEX(Оригинал!$D:$D,$J20)="","",INDEX(Оригинал!$D:$D,$J20))) | D20: =IF($J20="","",IF(INDEX(Оригинал!$E:$E,$J20)="","⚠ добавить артикул",INDEX(Оригинал!$E:$E,$J20))) | E20: =IF($J20="","",IF(INDEX(Оригинал!$B:$B,$J20)="","",INDEX(Оригинал!$B:$B,$J20))) | F20: =IF($J20="","",IF(INDEX(Оригинал!$F:$F,$J20)="","",INDEX(Оригинал!$F:$F,$J20))) | G20: =IF($J20="","",IF(INDEX(Оригинал!$G:$G,$J20)="","",INDEX(Оригинал!$G:$G,$J20))) | H20: =IF($J20="","",IF(INDEX(Оригинал!$H:$H,$J20)="","",INDEX(Оригинал!$H:$H,$J20))) | J20: =IFERROR(MATCH(ROWS($J$9:J20),Оригинал!$I:$I,0),"")
A23: СОВМЕСТИМАЯ РАСХОДКА
A24: № | B24: Тип расходки | C24: Цвет | D24: Артикул | E24: Бренд | F24: Ресурс стр. | G24: Цена | H24: Примечание | J24: Строка в базе
A25: =IF($J25="","",ROWS($A$25:A25)) -> 1 | B25: =IF($J25="","",IF(INDEX(Совместимая!$C:$C,$J25)="","",INDEX(Совместимая!$C:$C,$J25))) -> Тонер-картридж | C25: =IF($J25="","",IF(INDEX(Совместимая!$D:$D,$J25)="","",INDEX(Совместимая!$D:$D,$J25))) -> Black | D25: =IF($J25="","",IF(INDEX(Совместимая!$E:$E,$J25)="","⚠ добавить артикул",INDEX(Совместимая!$E:$E,$J25))) -> CS-WC7525BK | E25: =IF($J25="","",IF(INDEX(Совместимая!$F:$F,$J25)="","",INDEX(Совместимая!$F:$F,$J25))) -> Cactus | F25: =IF($J25="","",IF(INDEX(Совместимая!$G:$G,$J25)="","",INDEX(Совместимая!$G:$G,$J25))) | G25: =IF($J25="","",IF(INDEX(Совместимая!$H:$H,$J25)="","",INDEX(Совместимая!$H:$H,$J25))) | H25: =IF($J25="","",IF(INDEX(Совместимая!$I:$I,$J25)="","",INDEX(Совместимая!$I:$I,$J25))) | J25: =IFERROR(MATCH(ROWS($J$25:J25),Совместимая!$J:$J,0),"") -> 5
A26: =IF($J26="","",ROWS($A$25:A26)) -> 2 | B26: =IF($J26="","",IF(INDEX(Совместимая!$C:$C,$J26)="","",INDEX(Совместимая!$C:$C,$J26))) -> Тонер-картридж | C26: =IF($J26="","",IF(INDEX(Совместимая!$D:$D,$J26)="","",INDEX(Совместимая!$D:$D,$J26))) -> Cyan | D26: =IF($J26="","",IF(INDEX(Совместимая!$E:$E,$J26)="","⚠ добавить артикул",INDEX(Совместимая!$E:$E,$J26))) -> CS-WC7525C | E26: =IF($J26="","",IF(INDEX(Совместимая!$F:$F,$J26)="","",INDEX(Совместимая!$F:$F,$J26))) -> Cactus | F26: =IF($J26="","",IF(INDEX(Совместимая!$G:$G,$J26)="","",INDEX(Совместимая!$G:$G,$J26))) | G26: =IF($J26="","",IF(INDEX(Совместимая!$H:$H,$J26)="","",INDEX(Совместимая!$H:$H,$J26))) | H26: =IF($J26="","",IF(INDEX(Совместимая!$I:$I,$J26)="","",INDEX(Совместимая!$I:$I,$J26))) | J26: =IFERROR(MATCH(ROWS($J$25:J26),Совместимая!$J:$J,0),"") -> 6
A27: =IF($J27="","",ROWS($A$25:A27)) -> 3 | B27: =IF($J27="","",IF(INDEX(Совместимая!$C:$C,$J27)="","",INDEX(Совместимая!$C:$C,$J27))) -> Тонер-картридж | C27: =IF($J27="","",IF(INDEX(Совместимая!$D:$D,$J27)="","",INDEX(Совместимая!$D:$D,$J27))) -> Magenta | D27: =IF($J27="","",IF(INDEX(Совместимая!$E:$E,$J27)="","⚠ добавить артикул",INDEX(Совместимая!$E:$E,$J27))) -> CS-WC7525M | E27: =IF($J27="","",IF(INDEX(Совместимая!$F:$F,$J27)="","",INDEX(Совместимая!$F:$F,$J27))) -> Cactus | F27: =IF($J27="","",IF(INDEX(Совместимая!$G:$G,$J27)="","",INDEX(Совместимая!$G:$G,$J27))) | G27: =IF($J27="","",IF(INDEX(Совместимая!$H:$H,$J27)="","",INDEX(Совместимая!$H:$H,$J27))) | H27: =IF($J27="","",IF(INDEX(Совместимая!$I:$I,$J27)="","",INDEX(Совместимая!$I:$I,$J27))) | J27: =IFERROR(MATCH(ROWS($J$25:J27),Совместимая!$J:$J,0),"") -> 7
A28: =IF($J28="","",ROWS($A$25:A28)) -> 4 | B28: =IF($J28="","",IF(INDEX(Совместимая!$C:$C,$J28)="","",INDEX(Совместимая!$C:$C,$J28))) -> Тонер-картридж | C28: =IF($J28="","",IF(INDEX(Совместимая!$D:$D,$J28)="","",INDEX(Совместимая!$D:$D,$J28))) -> Yellow | D28: =IF($J28="","",IF(INDEX(Совместимая!$E:$E,$J28)="","⚠ добавить артикул",INDEX(Совместимая!$E:$E,$J28))) -> CS-WC7525Y | E28: =IF($J28="","",IF(INDEX(Совместимая!$F:$F,$J28)="","",INDEX(Совместимая!$F:$F,$J28))) -> Cactus | F28: =IF($J28="","",IF(INDEX(Совместимая!$G:$G,$J28)="","",INDEX(Совместимая!$G:$G,$J28))) | G28: =IF($J28="","",IF(INDEX(Совместимая!$H:$H,$J28)="","",INDEX(Совместимая!$H:$H,$J28))) | H28: =IF($J28="","",IF(INDEX(Совместимая!$I:$I,$J28)="","",INDEX(Совместимая!$I:$I,$J28))) | J28: =IFERROR(MATCH(ROWS($J$25:J28),Совместимая!$J:$J,0),"") -> 8
A29: =IF($J29="","",ROWS($A$25:A29)) -> 5 | B29: =IF($J29="","",IF(INDEX(Совместимая!$C:$C,$J29)="","",INDEX(Совместимая!$C:$C,$J29))) -> Драм-юнит | C29: =IF($J29="","",IF(INDEX(Совместимая!$D:$D,$J29)="","",INDEX(Совместимая!$D:$D,$J29))) -> — | D29: =IF($J29="","",IF(INDEX(Совместимая!$E:$E,$J29)="","⚠ добавить артикул",INDEX(Совместимая!$E:$E,$J29))) -> CS-DU7525 | E29: =IF($J29="","",IF(INDEX(Совместимая!$F:$F,$J29)="","",INDEX(Совместимая!$F:$F,$J29))) -> Cactus | F29: =IF($J29="","",IF(INDEX(Совместимая!$G:$G,$J29)="","",INDEX(Совместимая!$G:$G,$J29))) | G29: =IF($J29="","",IF(INDEX(Совместимая!$H:$H,$J29)="","",INDEX(Совместимая!$H:$H,$J29))) | H29: =IF($J29="","",IF(INDEX(Совместимая!$I:$I,$J29)="","",INDEX(Совместимая!$I:$I,$J29))) | J29: =IFERROR(MATCH(ROWS($J$25:J29),Совместимая!$J:$J,0),"") -> 9
A30: =IF($J30="","",ROWS($A$25:A30)) -> 6 | B30: =IF($J30="","",IF(INDEX(Совместимая!$C:$C,$J30)="","",INDEX(Совместимая!$C:$C,$J30))) -> Блок проявки | C30: =IF($J30="","",IF(INDEX(Совместимая!$D:$D,$J30)="","",INDEX(Совместимая!$D:$D,$J30))) -> — | D30: =IF($J30="","",IF(INDEX(Совместимая!$E:$E,$J30)="","⚠ добавить артикул",INDEX(Совместимая!$E:$E,$J30))) -> CS-DU7525RU | E30: =IF($J30="","",IF(INDEX(Совместимая!$F:$F,$J30)="","",INDEX(Совместимая!$F:$F,$J30))) -> Cactus | F30: =IF($J30="","",IF(INDEX(Совместимая!$G:$G,$J30)="","",INDEX(Совместимая!$G:$G,$J30))) | G30: =IF($J30="","",IF(INDEX(Совместимая!$H:$H,$J30)="","",INDEX(Совместимая!$H:$H,$J30))) | H30: =IF($J30="","",IF(INDEX(Совместимая!$I:$I,$J30)="","",INDEX(Совместимая!$I:$I,$J30))) | J30: =IFERROR(MATCH(ROWS($J$25:J30),Совместимая!$J:$J,0),"") -> 10
A31: =IF($J31="","",ROWS($A$25:A31)) -> 7 | B31: =IF($J31="","",IF(INDEX(Совместимая!$C:$C,$J31)="","",INDEX(Совместимая!$C:$C,$J31))) -> Бункер отработки | C31: =IF($J31="","",IF(INDEX(Совместимая!$D:$D,$J31)="","",INDEX(Совместимая!$D:$D,$J31))) -> — | D31: =IF($J31="","",IF(INDEX(Совместимая!$E:$E,$J31)="","⚠ добавить артикул",INDEX(Совместимая!$E:$E,$J31))) -> CS-WB7425 | E31: =IF($J31="","",IF(INDEX(Совместимая!$F:$F,$J31)="","",INDEX(Совместимая!$F:$F,$J31))) -> Cactus | F31: =IF($J31="","",IF(INDEX(Совместимая!$G:$G,$J31)="","",INDEX(Совместимая!$G:$G,$J31))) | G31: =IF($J31="","",IF(INDEX(Совместимая!$H:$H,$J31)="","",INDEX(Совместимая!$H:$H,$J31))) | H31: =IF($J31="","",IF(INDEX(Совместимая!$I:$I,$J31)="","",INDEX(Совместимая!$I:$I,$J31))) | J31: =IFERROR(MATCH(ROWS($J$25:J31),Совместимая!$J:$J,0),"") -> 11
A32: =IF($J32="","",ROWS($A$25:A32)) -> 8 | B32: =IF($J32="","",IF(INDEX(Совместимая!$C:$C,$J32)="","",INDEX(Совместимая!$C:$C,$J32))) -> Термоузел | C32: =IF($J32="","",IF(INDEX(Совместимая!$D:$D,$J32)="","",INDEX(Совместимая!$D:$D,$J32))) -> — | D32: =IF($J32="","",IF(INDEX(Совместимая!$E:$E,$J32)="","⚠ добавить артикул",INDEX(Совместимая!$E:$E,$J32))) -> CS-FU-XER-WC7545 | E32: =IF($J32="","",IF(INDEX(Совместимая!$F:$F,$J32)="","",INDEX(Совместимая!$F:$F,$J32))) -> Cactus | F32: =IF($J32="","",IF(INDEX(Совместимая!$G:$G,$J32)="","",INDEX(Совместимая!$G:$G,$J32))) | G32: =IF($J32="","",IF(INDEX(Совместимая!$H:$H,$J32)="","",INDEX(Совместимая!$H:$H,$J32))) | H32: =IF($J32="","",IF(INDEX(Совместимая!$I:$I,$J32)="","",INDEX(Совместимая!$I:$I,$J32))) | J32: =IFERROR(MATCH(ROWS($J$25:J32),Совместимая!$J:$J,0),"") -> 12
A33: =IF($J33="","",ROWS($A$25:A33)) | B33: =IF($J33="","",IF(INDEX(Совместимая!$C:$C,$J33)="","",INDEX(Совместимая!$C:$C,$J33))) | C33: =IF($J33="","",IF(INDEX(Совместимая!$D:$D,$J33)="","",INDEX(Совместимая!$D:$D,$J33))) | D33: =IF($J33="","",IF(INDEX(Совместимая!$E:$E,$J33)="","⚠ добавить артикул",INDEX(Совместимая!$E:$E,$J33))) | E33: =IF($J33="","",IF(INDEX(Совместимая!$F:$F,$J33)="","",INDEX(Совместимая!$F:$F,$J33))) | F33: =IF($J33="","",IF(INDEX(Совместимая!$G:$G,$J33)="","",INDEX(Совместимая!$G:$G,$J33))) | G33: =IF($J33="","",IF(INDEX(Совместимая!$H:$H,$J33)="","",INDEX(Совместимая!$H:$H,$J33))) | H33: =IF($J33="","",IF(INDEX(Совместимая!$I:$I,$J33)="","",INDEX(Совместимая!$I:$I,$J33))) | J33: =IFERROR(MATCH(ROWS($J$25:J33),Совместимая!$J:$J,0),"")
A34: =IF($J34="","",ROWS($A$25:A34)) | B34: =IF($J34="","",IF(INDEX(Совместимая!$C:$C,$J34)="","",INDEX(Совместимая!$C:$C,$J34))) | C34: =IF($J34="","",IF(INDEX(Совместимая!$D:$D,$J34)="","",INDEX(Совместимая!$D:$D,$J34))) | D34: =IF($J34="","",IF(INDEX(Совместимая!$E:$E,$J34)="","⚠ добавить артикул",INDEX(Совместимая!$E:$E,$J34))) | E34: =IF($J34="","",IF(INDEX(Совместимая!$F:$F,$J34)="","",INDEX(Совместимая!$F:$F,$J34))) | F34: =IF($J34="","",IF(INDEX(Совместимая!$G:$G,$J34)="","",INDEX(Совместимая!$G:$G,$J34))) | G34: =IF($J34="","",IF(INDEX(Совместимая!$H:$H,$J34)="","",INDEX(Совместимая!$H:$H,$J34))) | H34: =IF($J34="","",IF(INDEX(Совместимая!$I:$I,$J34)="","",INDEX(Совместимая!$I:$I,$J34))) | J34: =IFERROR(MATCH(ROWS($J$25:J34),Совместимая!$J:$J,0),"")
A35: =IF($J35="","",ROWS($A$25:A35)) | B35: =IF($J35="","",IF(INDEX(Совместимая!$C:$C,$J35)="","",INDEX(Совместимая!$C:$C,$J35))) | C35: =IF($J35="","",IF(INDEX(Совместимая!$D:$D,$J35)="","",INDEX(Совместимая!$D:$D,$J35))) | D35: =IF($J35="","",IF(INDEX(Совместимая!$E:$E,$J35)="","⚠ добавить артикул",INDEX(Совместимая!$E:$E,$J35))) | E35: =IF($J35="","",IF(INDEX(Совместимая!$F:$F,$J35)="","",INDEX(Совместимая!$F:$F,$J35))) | F35: =IF($J35="","",IF(INDEX(Совместимая!$G:$G,$J35)="","",INDEX(Совместимая!$G:$G,$J35))) | G35: =IF($J35="","",IF(INDEX(Совместимая!$H:$H,$J35)="","",INDEX(Совместимая!$H:$H,$J35))) | H35: =IF($J35="","",IF(INDEX(Совместимая!$I:$I,$J35)="","",INDEX(Совместимая!$I:$I,$J35))) | J35: =IFERROR(MATCH(ROWS($J$25:J35),Совместимая!$J:$J,0),"")
A36: =IF($J36="","",ROWS($A$25:A36)) | B36: =IF($J36="","",IF(INDEX(Совместимая!$C:$C,$J36)="","",INDEX(Совместимая!$C:$C,$J36))) | C36: =IF($J36="","",IF(INDEX(Совместимая!$D:$D,$J36)="","",INDEX(Совместимая!$D:$D,$J36))) | D36: =IF($J36="","",IF(INDEX(Совместимая!$E:$E,$J36)="","⚠ добавить артикул",INDEX(Совместимая!$E:$E,$J36))) | E36: =IF($J36="","",IF(INDEX(Совместимая!$F:$F,$J36)="","",INDEX(Совместимая!$F:$F,$J36))) | F36: =IF($J36="","",IF(INDEX(Совместимая!$G:$G,$J36)="","",INDEX(Совместимая!$G:$G,$J36))) | G36: =IF($J36="","",IF(INDEX(Совместимая!$H:$H,$J36)="","",INDEX(Совместимая!$H:$H,$J36))) | H36: =IF($J36="","",IF(INDEX(Совместимая!$I:$I,$J36)="","",INDEX(Совместимая!$I:$I,$J36))) | J36: =IFERROR(MATCH(ROWS($J$25:J36),Совместимая!$J:$J,0),"")
A38: ⚠ на оранжевом фоне — позиция есть в другой базе, но артикул пока не найден: впишите его прямо в строку на листе «Оригинал» / «Совместимая».

Sheet Модели
A1: Производитель | B1: Модель аппарата | D1: Список производителей | E1: Моделей | G1: Служебный лист: списки для выпадающих меню на листе «Подбор». Объединение моделей из обеих баз. Новую модель добавляйте в конец списка и отсортируйте по колонке A (производитель).
A2: Avision | B2: Avision AM 76x0i | D2: Avision | E2: =COUNTIF($A$2:$A$785,D2) -> 2
A3: Avision | B3: Avision AM7640i | D3: Brother | E3: =COUNTIF($A$2:$A$785,D3) -> 12
A4: Brother | B4: Brother DCP-7010R | D4: Canon | E4: =COUNTIF($A$2:$A$785,D4) -> 88
A5: Brother | B5: Brother DCP-7057R | D5: Datamax | E5: =COUNTIF($A$2:$A$785,D5) -> 2
A6: Brother | B6: Brother DCP-L2500DR | D6: Epson | E6: =COUNTIF($A$2:$A$785,D6) -> 14
A7: Brother | B7: Brother DCP-L5500DN | D7: F+ | E7: =COUNTIF($A$2:$A$785,D7) -> 1
A8: Brother | B8: Brother DCP-L6600DW | D8: HP | E8: =COUNTIF($A$2:$A$785,D8) -> 350
A9: Brother | B9: Brother HL-1202R | D9: Konica Minolta | E9: =COUNTIF($A$2:$A$785,D9) -> 7
A10: Brother | B10: Brother HL-L2300DR | D10: Kyocera | E10: =COUNTIF($A$2:$A$785,D10) -> 92
A11: Brother | B11: Brother MFC-8370DN | D11: Lexmark | E11: =COUNTIF($A$2:$A$785,D11) -> 30
A12: Brother | B12: Brother MFC-8880DN | D12: Oki | E12: =COUNTIF($A$2:$A$785,D12) -> 5
A13: Brother | B13: Brother MFC-L3770CDW | D13: Panasonic | E13: =COUNTIF($A$2:$A$785,D13) -> 7
... A23: Canon | B23: Canon i-Sensys LBP6020 | D23: Катюша | E23: =COUNTIF($A$2:$A$785,D23) -> 4
A24: Canon | B24: Canon i-Sensys LBP612C
A25: Canon | B25: Canon i-Sensys LBP6780
A26: Canon | B26: Canon i-Sensys LBP7200C
A27: Canon | B27: Canon i-Sensys LBP7210cdn
A28: Canon | B28: Canon i-Sensys LBP7660C
A29: Canon | B29: Canon i-Sensys MF211
A30: Canon | B30: Canon i-Sensys MF249dw
A31: Canon | B31: Canon i-Sensys MF3010
A32: Canon | B32: Canon i-Sensys MF4010
A33: Canon | B33: Canon i-Sensys MF4018
A34: Canon | B34: Canon i-Sensys MF4100
A35: Canon | B35: Canon i-Sensys MF411dw
... A785: Катюша | B785: Катюша М247e
